run,condition,reads_total,own_allowed,own_denied,cross_allowed,cross_denied,cross_db,cross_group_history
deepseek-v4-flash/direct/s12,direct,11049,11049,0,0,0,0,0
deepseek-v4-flash/direct/s13,direct,11676,11676,0,0,0,0,0
deepseek-v4-flash/direct/s14,direct,11312,11312,0,0,0,0,0
deepseek-v4-flash/full_load/s12,full_load,3574,0,0,3574,0,2981,593
deepseek-v4-flash/full_load/s13,full_load,3630,0,0,3630,0,2978,652
deepseek-v4-flash/full_load/s14,full_load,3491,0,0,3491,0,2820,671
deepseek-v4-flash/ingress/s12,ingress,18156,18156,0,0,0,0,0
deepseek-v4-flash/ingress/s13,ingress,20270,20270,0,0,0,0,0
deepseek-v4-flash/ingress/s14,ingress,18986,18986,0,0,0,0,0
deepseek-v4-flash/routing/s12,routing,16153,16153,0,0,0,0,0
deepseek-v4-flash/routing/s13,routing,16837,16837,0,0,0,0,0
deepseek-v4-flash/routing/s14,routing,14439,14439,0,0,0,0,0
qwen3.5-27b/direct/s12,direct,5546,5546,0,0,0,0,0
qwen3.5-27b/direct/s13,direct,5336,5336,0,0,0,0,0
qwen3.5-27b/direct/s14,direct,5503,5503,0,0,0,0,0
qwen3.5-27b/full_load/s12,full_load,2546,0,0,2546,0,1989,557
qwen3.5-27b/full_load/s13,full_load,2594,0,0,2594,0,2042,552
qwen3.5-27b/full_load/s14,full_load,2507,0,0,2507,0,1941,566
qwen3.5-27b/ingress/s12,ingress,6831,6831,0,0,0,0,0
qwen3.5-27b/ingress/s13,ingress,6173,6173,0,0,0,0,0
qwen3.5-27b/ingress/s14,ingress,6229,6229,0,0,0,0,0
qwen3.5-27b/routing/s12,routing,5125,5125,0,0,0,0,0
qwen3.5-27b/routing/s13,routing,5385,5385,0,0,0,0,0
qwen3.5-27b/routing/s14,routing,4490,4490,0,0,0,0,0
qwen3.5-9b/direct/s12,direct,4314,4314,0,0,0,0,0
qwen3.5-9b/direct/s13,direct,4280,4280,0,0,0,0,0
qwen3.5-9b/direct/s14,direct,4406,4406,0,0,0,0,0
qwen3.5-9b/full_load/s12,full_load,1997,0,0,1997,0,1644,353
qwen3.5-9b/full_load/s13,full_load,2236,0,0,2236,0,1770,466
qwen3.5-9b/full_load/s14,full_load,2230,0,0,2230,0,1820,410
qwen3.5-9b/ingress/s12,ingress,7634,7634,0,0,0,0,0
qwen3.5-9b/ingress/s13,ingress,7047,7047,0,0,0,0,0
qwen3.5-9b/ingress/s14,ingress,8053,8053,0,0,0,0,0
qwen3.5-9b/routing/s12,routing,7152,7152,0,0,0,0,0
qwen3.5-9b/routing/s13,routing,6559,6559,0,0,0,0,0
qwen3.5-9b/routing/s14,routing,6515,6515,0,0,0,0,0
runs_appx/direct_relay/s12,direct_relay,2943,2943,0,0,0,0,0
runs_appx/direct_relay/s13,direct_relay,2686,2686,0,0,0,0,0
runs_appx/direct_relay/s14,direct_relay,3041,3041,0,0,0,0,0
runs_appx/retrieve/s12,retrieve,2826,2826,0,0,0,0,0
runs_appx/retrieve/s13,retrieve,2410,2410,0,0,0,0,0
runs_appx/retrieve/s14,retrieve,2535,2535,0,0,0,0,0
runs_appx/sidecar/s12,sidecar,1896,1896,0,0,0,0,0
runs_appx/sidecar/s13,sidecar,2067,2067,0,0,0,0,0
runs_appx/sidecar/s14,sidecar,2005,2005,0,0,0,0,0
D3/direct/s12,direct,786,786,0,0,0,0,0
D3/direct/s13,direct,965,965,0,0,0,0,0
D3/direct/s14,direct,846,846,0,0,0,0,0
D3/full_load/s12,full_load,584,0,0,584,0,425,159
D3/full_load/s13,full_load,652,0,0,652,0,446,206
D3/full_load/s14,full_load,634,0,0,634,0,438,196
D3/ingress/s12,ingress,1719,1719,0,0,0,0,0
D3/ingress/s13,ingress,2296,2296,0,0,0,0,0
D3/ingress/s14,ingress,1861,1861,0,0,0,0,0
D3/routing/s12,routing,1909,1909,0,0,0,0,0
D3/routing/s13,routing,1973,1973,0,0,0,0,0
D3/routing/s14,routing,1645,1645,0,0,0,0,0
R1/direct/s12,direct,1080,1080,0,0,0,0,0
R1/direct/s13,direct,1489,1489,0,0,0,0,0
R1/direct/s14,direct,955,955,0,0,0,0,0
R1/full_load/s12,full_load,611,0,0,611,0,445,166
R1/full_load/s13,full_load,594,0,0,594,0,461,133
R1/full_load/s14,full_load,570,0,0,570,0,444,126
R1/ingress/s12,ingress,2261,2261,0,0,0,0,0
R1/ingress/s13,ingress,3142,3142,0,0,0,0,0
R1/ingress/s14,ingress,2708,2708,0,0,0,0,0
R1/routing/s12,routing,2066,2066,0,0,0,0,0
R1/routing/s13,routing,2351,2351,0,0,0,0,0
R1/routing/s14,routing,2030,2030,0,0,0,0,0
R3/direct/s12,direct,4491,4491,0,0,0,0,0
R3/direct/s13,direct,3738,3738,0,0,0,0,0
R3/direct/s14,direct,3673,3673,0,0,0,0,0
R3/full_load/s12,full_load,1937,0,0,1937,0,1444,493
R3/full_load/s13,full_load,1830,0,0,1830,0,1412,418
R3/full_load/s14,full_load,1924,0,0,1924,0,1510,414
R3/ingress/s12,ingress,7417,7417,0,0,0,0,0
R3/ingress/s13,ingress,6633,6633,0,0,0,0,0
R3/ingress/s14,ingress,6507,6507,0,0,0,0,0
R3/routing/s12,routing,5783,5783,0,0,0,0,0
R3/routing/s13,routing,5696,5696,0,0,0,0,0
R3/routing/s14,routing,5187,5187,0,0,0,0,0
