run,condition,llm_calls,prompts_missing,leak_fragment_id,leak_physical_key,card_leak_applies,card_leak_requester,card_leak_responder,budget_tasks,wal_sha256,wal_hash_recorded,wal_hash_match,wal_last_day,access_checked,access_denied,access_cross,budget_over_n,ret_foreign_holders,ret_n_candidates,ret_n_holders,ret_n_outside_top_k,ret_n_selected,ret_org_wide,ret_retrievals
appendix__base__qwen3.5-27b__direct_relay__s12,direct_relay,3908,0,0,0,True,0,0,100,eec7a1a3465fff049b5ae67f70ec7c04af94e7b9e6006f4c58f35fcc8f1bc13f,eec7a1a3465fff049b5ae67f70ec7c04af94e7b9e6006f4c58f35fcc8f1bc13f,True,10,2943,0,0,0,0,0,0,0,0,0,0
appendix__base__qwen3.5-27b__direct_relay__s13,direct_relay,3766,0,0,0,True,0,0,100,e6a2ed1a4055569fef50ad346d46075fd8c3a4569bff4ee9ab4fafd832be767a,e6a2ed1a4055569fef50ad346d46075fd8c3a4569bff4ee9ab4fafd832be767a,True,10,2686,0,0,0,0,0,0,0,0,0,0
appendix__base__qwen3.5-27b__direct_relay__s14,direct_relay,4171,0,0,0,True,0,0,100,a9bb7af0211f47a4ba76df5e54c21e5fdb658d88d6a5fb70a15c417f5800cb51,a9bb7af0211f47a4ba76df5e54c21e5fdb658d88d6a5fb70a15c417f5800cb51,True,10,3041,0,0,0,0,0,0,0,0,0,0
appendix__base__qwen3.5-27b__retrieve__s12,retrieve,2894,0,0,0,False,26225,3291,100,266b451ee75143dbaf6accb48e43ffe591f7e19a4f4f4dca7c7de3e0fac967c9,266b451ee75143dbaf6accb48e43ffe591f7e19a4f4f4dca7c7de3e0fac967c9,True,10,2826,0,0,0,0,18174,1073,12350,9900,0,247
appendix__base__qwen3.5-27b__retrieve__s13,retrieve,2745,0,0,0,False,33173,2738,100,bf78748aa824cf31a5d7eadd8f27bcf6fed4c5474ee26ed6d655fbc11adbc457,bf78748aa824cf31a5d7eadd8f27bcf6fed4c5474ee26ed6d655fbc11adbc457,True,10,2410,0,0,0,0,17199,1201,12100,9660,0,242
appendix__base__qwen3.5-27b__retrieve__s14,retrieve,2893,0,0,0,False,32994,4045,100,74853a8a283515babe75c0169ea4b76f75dc3595baf1dba33dca1f6415e36ae6,74853a8a283515babe75c0169ea4b76f75dc3595baf1dba33dca1f6415e36ae6,True,10,2535,0,0,0,0,19427,1186,12350,11059,0,247
appendix__base__qwen3.5-27b__sidecar__s12,sidecar,2606,0,0,0,True,0,0,100,7862f826fae738a110d203f3fb67943933a92e99d14f89eadcedd4ab8c6e7cca,7862f826fae738a110d203f3fb67943933a92e99d14f89eadcedd4ab8c6e7cca,True,10,1896,0,0,0,0,26628,1603,20400,17237,0,408
appendix__base__qwen3.5-27b__sidecar__s13,sidecar,2803,0,0,0,True,0,0,100,2cbcb472150b703245904e2495f809b1d9309753464fbb21ad8c5631ac143be2,2cbcb472150b703245904e2495f809b1d9309753464fbb21ad8c5631ac143be2,True,10,2067,0,0,0,0,27367,1805,21450,17960,0,429
appendix__base__qwen3.5-27b__sidecar__s14,sidecar,2678,0,0,0,True,0,0,100,8a18ffb3d69f9976b19cff025fcfc6ab2ff2a53946b0465c24a3d58441231613,8a18ffb3d69f9976b19cff025fcfc6ab2ff2a53946b0465c24a3d58441231613,True,10,2005,0,0,0,0,28407,1831,20750,18217,0,415
gcell__D3__qwen3.5-27b__direct__s12,direct,1276,0,0,0,True,0,0,90,b41b744f75fbd7adbcd4cd8987a98f5210bc54a622cf294dd0702eb70c4550d7,b41b744f75fbd7adbcd4cd8987a98f5210bc54a622cf294dd0702eb70c4550d7,True,15,786,0,0,0,0,0,0,0,0,0,0
gcell__D3__qwen3.5-27b__direct__s13,direct,1518,0,0,0,True,0,0,90,3770d6c960df2783f5d39a03811821259de6e7a0412e81b7a5584fb8f9686c31,3770d6c960df2783f5d39a03811821259de6e7a0412e81b7a5584fb8f9686c31,True,15,965,0,0,0,0,0,0,0,0,0,0
gcell__D3__qwen3.5-27b__direct__s14,direct,1394,0,0,0,True,0,0,90,ed0fc728854c3988259c6bce3a6487970ebe3606fbee957150a0726eca45211c,ed0fc728854c3988259c6bce3a6487970ebe3606fbee957150a0726eca45211c,True,15,846,0,0,0,0,0,0,0,0,0,0
gcell__D3__qwen3.5-27b__full_load__s12,full_load,544,0,0,0,False,0,0,90,e3a9cc61e4dec834a8b95f84fb337a6a471e2e5649b9eccbf0b7477f1b68515e,e3a9cc61e4dec834a8b95f84fb337a6a471e2e5649b9eccbf0b7477f1b68515e,True,15,584,0,584,0,0,0,0,0,0,157,157
gcell__D3__qwen3.5-27b__full_load__s13,full_load,599,0,0,0,False,0,0,90,43557a8f11aa35e7b31eba5913796b41fec0e01b7b105fc7e1a4b99bbb19a523,43557a8f11aa35e7b31eba5913796b41fec0e01b7b105fc7e1a4b99bbb19a523,True,15,652,0,652,0,0,0,0,0,0,201,201
gcell__D3__qwen3.5-27b__full_load__s14,full_load,600,0,0,0,False,0,0,90,9d381064da73e0e6948754c23db316eec2f98af4b11a34934162b2682045fc24,9d381064da73e0e6948754c23db316eec2f98af4b11a34934162b2682045fc24,True,15,634,0,634,0,0,0,0,0,0,191,191
gcell__D3__qwen3.5-27b__ingress__s12,ingress,2643,0,0,17,False,0,0,90,4ef666746d6f7c9841b4f6ceb58d2a956dac288e838191cd14efc0f878700559,4ef666746d6f7c9841b4f6ceb58d2a956dac288e838191cd14efc0f878700559,True,15,1719,0,0,0,0,16645,897,9650,6061,0,193
gcell__D3__qwen3.5-27b__ingress__s13,ingress,3438,0,0,0,False,0,0,78,d0e3048a0b487fa610872fc48c89f5479c8df73e6aa736d2b855ed4bd2c53225,,,14,2296,0,0,0,0,17406,1022,11150,6148,0,223
gcell__D3__qwen3.5-27b__ingress__s14,ingress,2759,0,0,9,False,0,0,90,4c1cc860b3e07d05447e8ad5944b85dc0d925dd954040a641ac318f8ee4711be,4c1cc860b3e07d05447e8ad5944b85dc0d925dd954040a641ac318f8ee4711be,True,15,1861,0,0,0,0,14071,775,8800,5344,0,176
gcell__D3__qwen3.5-27b__routing__s12,routing,2548,0,0,0,False,0,0,90,4eed9a4c401fd88e3d2708031dd64cb0414d7a5a7009af3b7fd53ad983f64b57,4eed9a4c401fd88e3d2708031dd64cb0414d7a5a7009af3b7fd53ad983f64b57,True,15,1909,0,0,0,0,20219,1173,11750,8425,0,235
gcell__D3__qwen3.5-27b__routing__s13,routing,2708,0,0,0,False,0,0,90,fe2a5c67a37f57389f5955f499c22f0018b1b8bbaef8ac590447336e30893201,fe2a5c67a37f57389f5955f499c22f0018b1b8bbaef8ac590447336e30893201,True,15,1973,0,0,0,0,20461,1233,12300,8184,0,246
gcell__D3__qwen3.5-27b__routing__s14,routing,2177,0,0,0,False,0,0,90,e838d8a89e2771fc6f56d46cf6b2778e9a05fee97963a1541bb8af66d68c13fc,e838d8a89e2771fc6f56d46cf6b2778e9a05fee97963a1541bb8af66d68c13fc,True,15,1645,0,0,0,0,14584,881,9750,7044,0,195
gcell__R1__qwen3.5-27b__direct__s12,direct,1623,0,0,0,True,0,0,75,9b99b10dd8abff23e6a481d4675af517afe6589c32bf74fe3bf8bbbc0c033c76,9b99b10dd8abff23e6a481d4675af517afe6589c32bf74fe3bf8bbbc0c033c76,True,15,1080,0,0,0,0,0,0,0,0,0,0
gcell__R1__qwen3.5-27b__direct__s13,direct,1779,0,0,0,True,0,0,75,56a7b8f0f7745cb284e450d6ea9a9808cf18d5ae765657d0e603c1b5ec9a9fc9,56a7b8f0f7745cb284e450d6ea9a9808cf18d5ae765657d0e603c1b5ec9a9fc9,True,15,1489,0,0,0,0,0,0,0,0,0,0
gcell__R1__qwen3.5-27b__direct__s14,direct,1334,0,0,0,True,0,0,75,51c2d3ceb0b7b324cbe3f7edc8e97e4713da0e42351286c15995dc024beef4cf,51c2d3ceb0b7b324cbe3f7edc8e97e4713da0e42351286c15995dc024beef4cf,True,15,955,0,0,0,0,0,0,0,0,0,0
gcell__R1__qwen3.5-27b__full_load__s12,full_load,530,0,0,0,False,0,0,75,2afe9fe2a08055c9d39de23888e4bda98fd2f72bce0394998bd84001e43a8fc5,2afe9fe2a08055c9d39de23888e4bda98fd2f72bce0394998bd84001e43a8fc5,True,15,611,0,611,0,0,0,0,0,0,161,161
gcell__R1__qwen3.5-27b__full_load__s13,full_load,497,0,0,0,False,0,0,75,4010aa9253efa3d7cad5b36cae3d221b33b95e78ca4e0499c1e8d66bf493fbac,4010aa9253efa3d7cad5b36cae3d221b33b95e78ca4e0499c1e8d66bf493fbac,True,15,594,0,594,0,0,0,0,0,0,127,127
gcell__R1__qwen3.5-27b__full_load__s14,full_load,468,0,0,0,False,0,0,75,ff64540b19a1faf2d5f5e02787b9329aaec635069fbb1342213ce1eb054ef44c,ff64540b19a1faf2d5f5e02787b9329aaec635069fbb1342213ce1eb054ef44c,True,15,570,0,570,0,0,0,0,0,0,125,125
gcell__R1__qwen3.5-27b__ingress__s12,ingress,3316,0,0,0,False,0,0,60,db5a6b9e8cbcb4ce8a5ebb341c0ebbc9332d28efe84b280ebe21b9ef13d27619,,,13,2261,0,0,0,0,18062,1126,11100,5252,0,222
gcell__R1__qwen3.5-27b__ingress__s13,ingress,4048,0,0,0,False,0,0,75,7cdb7ff47f1908d8690225e3bea2d9d57378010d88ee7f99a0e0083e84c03fce,7cdb7ff47f1908d8690225e3bea2d9d57378010d88ee7f99a0e0083e84c03fce,True,15,3142,0,0,0,0,21656,1365,13150,5455,0,263
gcell__R1__qwen3.5-27b__ingress__s14,ingress,3604,0,0,0,False,0,0,75,6b76eeba8ea599c22a8595902aa2bced790db6ba53563a911bc18404a97a5f02,6b76eeba8ea599c22a8595902aa2bced790db6ba53563a911bc18404a97a5f02,True,15,2708,0,0,0,0,18794,1009,11800,5243,0,236
gcell__R1__qwen3.5-27b__routing__s12,routing,2714,0,0,0,False,0,0,75,8a12c380d8523a9265a71896520bc13308ce262f496ab55224f62e9b053df725,8a12c380d8523a9265a71896520bc13308ce262f496ab55224f62e9b053df725,True,15,2066,0,0,0,0,22617,1294,14200,8626,0,284
gcell__R1__qwen3.5-27b__routing__s13,routing,2834,0,0,0,False,0,0,75,4d61895d42cde63c0bb390ed495a649b725c6f3ade0f68909f31c957c2fbde92,4d61895d42cde63c0bb390ed495a649b725c6f3ade0f68909f31c957c2fbde92,True,15,2351,0,0,0,0,22145,1333,13700,8231,0,274
gcell__R1__qwen3.5-27b__routing__s14,routing,2600,0,0,0,False,0,0,75,8b8182df529db81d7caa399a9044f8792751cd5117f0a47006eee0f579e715a2,8b8182df529db81d7caa399a9044f8792751cd5117f0a47006eee0f579e715a2,True,15,2030,0,0,0,0,18971,1166,12700,7932,0,254
gcell__R3__qwen3.5-27b__direct__s12,direct,5350,0,0,0,True,0,0,225,e3325d530374f00ebd2a44e273b8063e1c1507c945c635b58587faa32d6ce6d5,e3325d530374f00ebd2a44e273b8063e1c1507c945c635b58587faa32d6ce6d5,True,15,4491,0,0,0,0,0,0,0,0,0,0
gcell__R3__qwen3.5-27b__direct__s13,direct,4645,0,0,0,True,0,0,225,d567a76a44a06e2c4a17c0abd84b7a5ed662eb1fce68667479a92daf0271e517,d567a76a44a06e2c4a17c0abd84b7a5ed662eb1fce68667479a92daf0271e517,True,15,3738,0,0,0,0,0,0,0,0,0,0
gcell__R3__qwen3.5-27b__direct__s14,direct,4474,0,0,0,True,0,0,225,d490d7e269c90211ffa4f1c41f5f588c08561f9a234186e053f6f8eaa302b740,d490d7e269c90211ffa4f1c41f5f588c08561f9a234186e053f6f8eaa302b740,True,15,3673,0,0,0,0,0,0,0,0,0,0
gcell__R3__qwen3.5-27b__full_load__s12,full_load,1583,0,0,0,False,0,0,225,8ec23fc4bd6341c73daaa76d00e87e9974e82a4f01e1bde2015e74ace57bb194,8ec23fc4bd6341c73daaa76d00e87e9974e82a4f01e1bde2015e74ace57bb194,True,15,1937,0,1937,2,0,0,0,0,0,443,443
gcell__R3__qwen3.5-27b__full_load__s13,full_load,1471,0,0,0,False,0,0,225,0947ca2bf772b25c0cbc9b96fe7f2f3559606cbdaaedb0fec6fcffa68e2abbfa,0947ca2bf772b25c0cbc9b96fe7f2f3559606cbdaaedb0fec6fcffa68e2abbfa,True,15,1830,0,1830,1,0,0,0,0,0,408,408
gcell__R3__qwen3.5-27b__full_load__s14,full_load,1506,0,0,0,False,0,0,225,3552b8266bfb02bda4d60a8b52ca70fb7165eaa5785c060595dbd37801607e23,3552b8266bfb02bda4d60a8b52ca70fb7165eaa5785c060595dbd37801607e23,True,15,1924,0,1924,2,0,0,0,0,0,371,371
gcell__R3__qwen3.5-27b__ingress__s12,ingress,8393,0,0,0,False,32,39,150,17df331315a335a8c80d645c12182bdee2d8b88255081f05c45d7b96a8ce5006,17df331315a335a8c80d645c12182bdee2d8b88255081f05c45d7b96a8ce5006,True,10,7417,0,0,0,0,50827,1804,24800,14636,0,496
gcell__R3__qwen3.5-27b__ingress__s13,ingress,8193,0,0,26,False,0,0,150,d19d4ce97916382d59c50a397f95044beb6c02241dbb2502762a2dc4dd928c7c,d19d4ce97916382d59c50a397f95044beb6c02241dbb2502762a2dc4dd928c7c,True,10,6633,0,0,0,0,49580,1760,24050,13072,0,481
gcell__R3__qwen3.5-27b__ingress__s14,ingress,7555,0,0,0,False,0,0,150,3dc67673877a052ff29411cef51812b11793ef28958541542c39a4936a70acdd,3dc67673877a052ff29411cef51812b11793ef28958541542c39a4936a70acdd,True,10,6507,0,0,0,0,49768,2192,23350,14119,0,467
gcell__R3__qwen3.5-27b__routing__s12,routing,6243,0,0,0,False,0,0,150,2ad3d432e61e8e070be3dfc9d03dfd3d79f493cb344f77a85baf63cf797a1ba7,2ad3d432e61e8e070be3dfc9d03dfd3d79f493cb344f77a85baf63cf797a1ba7,True,10,5783,0,0,0,0,54275,2282,27350,21047,0,547
gcell__R3__qwen3.5-27b__routing__s13,routing,6316,0,0,0,False,0,0,155,9ae658f5b50ad29773344277d45b2661ac525a3dcb60ba77a7ed4e5cf5c5c387,,,11,5696,0,0,0,0,56142,2158,27700,21419,0,554
gcell__R3__qwen3.5-27b__routing__s14,routing,5962,0,0,0,False,0,0,158,9b8b381aecdd21953ef38974bc7428678cbfa6d779801474cf850fbf367f3973,,,11,5187,0,0,0,0,57887,2321,27200,22293,0,544
main__base__deepseek-v4-flash__direct__s12,direct,7188,0,0,0,True,0,0,160,292f2d51c941e5f3082a7940d348035f6e8eff0b041b42c8aa2753e486f3df7c,,,17,11049,0,0,4,0,0,0,0,0,0,0
main__base__deepseek-v4-flash__direct__s13,direct,7817,0,0,0,True,0,0,175,e60ca116fdf9ed47eb9c5bddbf4068c6b7ec05fc5e2d3f5d8f7ddeac3a6e4cab,,,18,11676,0,0,2,0,0,0,0,0,0,0
main__base__deepseek-v4-flash__direct__s14,direct,7702,0,0,0,True,0,0,180,171c2b371c764c803292e9f61263ac968923d7b83097e36e4b75bf6dac31c73e,,,19,11312,0,0,2,0,0,0,0,0,0,0
main__base__deepseek-v4-flash__full_load__s12,full_load,1669,0,0,0,False,0,0,220,6d5c513b4129d0dba6a1c0a98fccb363408f621596d1ae6a813c1917d834a397,,,23,3574,0,3574,1,0,0,0,0,0,591,591
main__base__deepseek-v4-flash__full_load__s13,full_load,1721,0,0,0,False,0,0,220,23090a88f08af3b11d5c7a8e42f8143ae875087fd0ed52ec316a31ef97f1ec84,,,23,3630,0,3630,2,0,0,0,0,0,645,645
main__base__deepseek-v4-flash__full_load__s14,full_load,1712,0,0,0,False,0,0,214,003f820d7a2ae19d19a814d1349c8b92354192ff00dc73ae9f497b2f54e9c8ad,,,22,3491,0,3491,1,0,0,0,0,0,662,662
main__base__deepseek-v4-flash__ingress__s12,ingress,12248,0,0,91,False,40,83,150,55332610e5d7ea65fb02140a12fccbac44a4d5d40b98d472cb83f0555a037310,55332610e5d7ea65fb02140a12fccbac44a4d5d40b98d472cb83f0555a037310,True,15,18156,0,0,3,0,62959,3403,29050,8856,0,581
main__base__deepseek-v4-flash__ingress__s13,ingress,13270,0,0,164,False,71,204,150,684016d840ebbb2ea15a82ccff3ddaf048926fb2d169b168eba4a4a5b6f81af7,684016d840ebbb2ea15a82ccff3ddaf048926fb2d169b168eba4a4a5b6f81af7,True,15,20270,0,0,3,0,70845,4336,32100,10143,0,642
main__base__deepseek-v4-flash__ingress__s14,ingress,12814,0,0,130,False,13,19,150,7309dca8a211fcb440fb55ee7439d1694efc4a9b550dbe857c54a7d6a44d0b76,7309dca8a211fcb440fb55ee7439d1694efc4a9b550dbe857c54a7d6a44d0b76,True,15,18986,0,0,2,0,66571,3650,29950,10000,0,599
main__base__deepseek-v4-flash__routing__s12,routing,10780,0,0,0,False,0,0,150,d2f9b81a4e90ec21d9d4f7e6880c1d24ebfc10d72e9a09a2dd93eb4f085fc05f,d2f9b81a4e90ec21d9d4f7e6880c1d24ebfc10d72e9a09a2dd93eb4f085fc05f,True,15,16153,0,0,2,0,81177,4818,42100,16123,0,842
main__base__deepseek-v4-flash__routing__s13,routing,11044,0,0,0,False,0,0,150,a8a2e4bcc56d3edf8edb39e123a5264fc94e380d66fb25a535bae618e4587350,a8a2e4bcc56d3edf8edb39e123a5264fc94e380d66fb25a535bae618e4587350,True,15,16837,0,0,4,0,88166,5905,44400,18333,0,888
main__base__deepseek-v4-flash__routing__s14,routing,9599,0,0,0,False,0,0,150,dadf131f417c112e48d240ca2ede2d5c9663c1250c07c1f2ea1ac84bc6d7a201,dadf131f417c112e48d240ca2ede2d5c9663c1250c07c1f2ea1ac84bc6d7a201,True,15,14439,0,0,2,0,78080,4923,38700,16090,0,774
main__base__qwen3.5-27b__direct__s12,direct,6934,0,0,0,True,0,0,300,7e35d7a1a0e39568543cf82fc507c32bfcdc3acd81f6de3f86652722d325950e,7e35d7a1a0e39568543cf82fc507c32bfcdc3acd81f6de3f86652722d325950e,True,30,5546,0,0,0,0,0,0,0,0,0,0
main__base__qwen3.5-27b__direct__s13,direct,6444,0,0,0,True,0,0,300,66cd6e56c7bef11e5545ed26ab8e75ae600a970c1ffe336a1c54301041b3ad18,66cd6e56c7bef11e5545ed26ab8e75ae600a970c1ffe336a1c54301041b3ad18,True,30,5336,0,0,0,0,0,0,0,0,0,0
main__base__qwen3.5-27b__direct__s14,direct,6561,0,0,0,True,0,0,300,347c7027422996533b72d5ebc66a7d8d5bacbd3ec784f707f537244f0fa4965b,347c7027422996533b72d5ebc66a7d8d5bacbd3ec784f707f537244f0fa4965b,True,30,5503,0,0,0,0,0,0,0,0,0,0
main__base__qwen3.5-27b__full_load__s12,full_load,1979,0,0,0,False,0,0,290,08fbc0ba13e94d75fac846f85609a5a8f50f96e850b40e5a8d33e33f281e2eb6,,,30,2546,0,2546,0,0,0,0,0,0,541,541
main__base__qwen3.5-27b__full_load__s13,full_load,2077,0,0,0,False,0,0,300,cb80ccbf591639b5c3b8bfd29ce13b9a5f7e3d21411206a499bc56982386e210,cb80ccbf591639b5c3b8bfd29ce13b9a5f7e3d21411206a499bc56982386e210,True,30,2594,0,2594,0,0,0,0,0,0,534,534
main__base__qwen3.5-27b__full_load__s14,full_load,1973,0,0,0,False,0,0,290,d211e16937c13d226acb0b76fc85eb5a65e2c74d5e435792fa27bff7b2ae44ac,,,30,2507,0,2507,0,0,0,0,0,0,545,545
main__base__qwen3.5-27b__ingress__s12,ingress,7916,0,0,0,False,28,8,150,41ee160d3261747095021b7322961c7033ac069650eac500ba8deb1f12113cf8,41ee160d3261747095021b7322961c7033ac069650eac500ba8deb1f12113cf8,True,15,6831,0,0,0,0,41768,2244,25000,10560,0,500
main__base__qwen3.5-27b__ingress__s13,ingress,7615,0,0,45,False,0,0,150,622367691a2a3f9a13a36fb7bb9a4fc6191a5f7168205d4436be1a3dc3dc1ad1,622367691a2a3f9a13a36fb7bb9a4fc6191a5f7168205d4436be1a3dc3dc1ad1,True,15,6173,0,0,0,0,40021,2443,24100,10722,0,482
main__base__qwen3.5-27b__ingress__s14,ingress,7600,0,0,0,False,0,0,150,307fb600d6571045176c9098cd80eeabcdf9fa1f0917609e453d2db13ef45a81,307fb600d6571045176c9098cd80eeabcdf9fa1f0917609e453d2db13ef45a81,True,15,6229,0,0,0,0,43570,2609,24050,11395,0,481
main__base__qwen3.5-27b__routing__s12,routing,5630,0,0,0,False,0,0,150,71eb9e339adfdbe2ec929b93528ae1c0cf82cec3e246cfb96a36501b403ae85f,71eb9e339adfdbe2ec929b93528ae1c0cf82cec3e246cfb96a36501b403ae85f,True,15,5125,0,0,0,0,38405,2333,25500,15195,0,510
main__base__qwen3.5-27b__routing__s13,routing,5639,0,0,0,False,0,0,150,4bfda4857bb401162e3d9dc22b82bb84aa8055b488ff2d4f75cd2907349ae4a7,4bfda4857bb401162e3d9dc22b82bb84aa8055b488ff2d4f75cd2907349ae4a7,True,15,5385,0,0,0,0,41360,2538,26500,16223,0,530
main__base__qwen3.5-27b__routing__s14,routing,5263,0,0,0,False,0,0,150,fb5c93ebf0cd90863b06898d3d6810f1687fed6bdc4ea3d1eef32fd1608bdab2,,,16,4490,0,0,0,0,38233,2129,24200,15214,0,484
main__base__qwen3.5-9b__direct__s12,direct,5210,0,0,0,True,0,0,150,e27eae8a21e15e869ed8f27b865f9f66ea5a9f1aa77847aacc390b6857cb3162,e27eae8a21e15e869ed8f27b865f9f66ea5a9f1aa77847aacc390b6857cb3162,True,15,4314,0,0,11,0,0,0,0,0,0,0
main__base__qwen3.5-9b__direct__s13,direct,5981,0,0,0,True,0,0,150,616f515aa4d558604a4d72f9bb615e6366760392473f249db42425b790a83d13,616f515aa4d558604a4d72f9bb615e6366760392473f249db42425b790a83d13,True,15,4280,0,0,13,0,0,0,0,0,0,0
main__base__qwen3.5-9b__direct__s14,direct,6427,0,0,0,True,0,0,150,16c9f059661c8bd1aaf1e43d384b19def55c566066b91f119c52b5254aeb016a,16c9f059661c8bd1aaf1e43d384b19def55c566066b91f119c52b5254aeb016a,True,15,4406,0,0,13,0,0,0,0,0,0,0
main__base__qwen3.5-9b__full_load__s12,full_load,1509,0,0,0,False,0,0,204,36986ddffe3b852bcfa97ba9b43c5fc1b34d565f3b7371045bbb9e74099d5c79,,,21,1997,0,1997,1,0,0,0,0,0,334,334
main__base__qwen3.5-9b__full_load__s13,full_load,1714,0,0,0,False,0,0,215,777da03e3f4c3f6a8bf4d1fd90f33348e580487dea6cd6ee75c60f47b9157111,,,22,2236,0,2236,3,0,0,0,0,0,394,394
main__base__qwen3.5-9b__full_load__s14,full_load,1777,0,0,0,False,0,0,210,28e49a08a1357ac5e0cad237629c531f697eee07647acb25eb74b689369aaf75,,,22,2230,0,2230,3,0,0,0,0,0,354,354
main__base__qwen3.5-9b__ingress__s12,ingress,7700,0,0,0,False,0,0,150,93eef2acd2e1e9941069b58ad9a3eadf13376e49781693de64dfabba865d8996,93eef2acd2e1e9941069b58ad9a3eadf13376e49781693de64dfabba865d8996,True,15,7634,0,0,0,0,37622,2743,22850,9383,0,457
main__base__qwen3.5-9b__ingress__s13,ingress,7559,0,0,0,False,0,0,150,732e718118bc065f3e70840d80869a737c94470bc6fad555bddec56505485331,732e718118bc065f3e70840d80869a737c94470bc6fad555bddec56505485331,True,15,7047,0,0,2,0,37885,2992,23500,11856,0,470
main__base__qwen3.5-9b__ingress__s14,ingress,8502,0,0,0,False,0,0,150,e26b0af96bf7ee96978f74ecb6299e75b52092935f861dd6fc07cf1a730bb2ce,e26b0af96bf7ee96978f74ecb6299e75b52092935f861dd6fc07cf1a730bb2ce,True,15,8053,0,0,0,0,36952,2323,22550,9017,0,451
main__base__qwen3.5-9b__routing__s12,routing,6477,0,0,0,False,0,0,150,90aa83379368f0a8138bcea7a5de0faec08a7d78bd11c534966f4f594fadba7f,90aa83379368f0a8138bcea7a5de0faec08a7d78bd11c534966f4f594fadba7f,True,15,7152,0,0,2,0,40557,2237,28500,17201,0,570
main__base__qwen3.5-9b__routing__s13,routing,6577,0,0,0,False,0,0,150,9cfdae4faee2ee04135f3ff2762b3f646cfbc34dca95017efb5e382882cec7ab,9cfdae4faee2ee04135f3ff2762b3f646cfbc34dca95017efb5e382882cec7ab,True,15,6559,0,0,1,0,49161,3366,31950,20157,0,639
main__base__qwen3.5-9b__routing__s14,routing,6252,0,0,0,False,0,0,150,a9b9600312afeb18fda5da2680dfbec5108b2dfc47a7fc6edeee4f58a4a942a9,a9b9600312afeb18fda5da2680dfbec5108b2dfc47a7fc6edeee4f58a4a942a9,True,15,6515,0,0,2,0,43887,2813,27950,16740,0,559
