run_id,experiment,cell,n_groups,tasks_per_day,model,condition,seed,target_days,completed_days,n_scored,n_correct,accuracy,llm_calls_budget,tokens_budget,cost_usd_est,llm_calls_timing,restarts,code_commit,scenario
main/base/deepseek-v4-flash/direct/s12,main,base,10,10,deepseek-v4-flash,direct,s12,15,16,142,52,0.3662,7197,101580608,9.4,7303,0,4b813f5,D5_s12_T45
main/base/deepseek-v4-flash/direct/s13,main,base,10,10,deepseek-v4-flash,direct,s13,15,17,138,48,0.3478,7817,110532815,10.24,7817,0,4b813f5,D5_s13_T45
main/base/deepseek-v4-flash/direct/s14,main,base,10,10,deepseek-v4-flash,direct,s14,15,18,147,48,0.3265,7711,107760307,9.98,7789,0,4b813f5,D5_s14_T45
main/base/deepseek-v4-flash/full_load/s12,main,base,10,10,deepseek-v4-flash,full_load,s12,15,22,142,90,0.6338,1669,66695310,6.09,1703,0,4b813f5,D5_s12_T45
main/base/deepseek-v4-flash/full_load/s13,main,base,10,10,deepseek-v4-flash,full_load,s13,15,22,138,80,0.5797,1721,78187021,7.13,1735,0,4b813f5,D5_s13_T45
main/base/deepseek-v4-flash/full_load/s14,main,base,10,10,deepseek-v4-flash,full_load,s14,15,21,147,97,0.6599,1712,81707829,7.45,1721,0,4b813f5,D5_s14_T45
main/base/deepseek-v4-flash/ingress/s12,main,base,10,10,deepseek-v4-flash,ingress,s12,15,15,142,80,0.5634,12270,149327640,12.76,14139,11,4b813f5,D5_s12_T45
main/base/deepseek-v4-flash/ingress/s13,main,base,10,10,deepseek-v4-flash,ingress,s13,15,15,138,69,0.5,13270,166205619,14.17,16133,10,4b813f5,D5_s13_T45
main/base/deepseek-v4-flash/ingress/s14,main,base,10,10,deepseek-v4-flash,ingress,s14,15,15,147,76,0.517,12850,158122052,13.15,15379,11,4b813f5,D5_s14_T45
main/base/deepseek-v4-flash/routing/s12,main,base,10,10,deepseek-v4-flash,routing,s12,15,15,142,65,0.4577,10792,133415768,10.62,13375,11,4b813f5,D5_s12_T45
main/base/deepseek-v4-flash/routing/s13,main,base,10,10,deepseek-v4-flash,routing,s13,15,15,138,63,0.4565,11048,137669490,11.1,14162,11,4b813f5,D5_s13_T45
main/base/deepseek-v4-flash/routing/s14,main,base,10,10,deepseek-v4-flash,routing,s14,15,15,147,64,0.4354,9622,119174185,9.51,11322,9,4b813f5,D5_s14_T45
main/base/qwen3.5-27b/direct/s12,main,base,10,10,qwen3.5-27b,direct,s12,15,30,142,46,0.3239,6934,88726942,28.35,6934,0,4b813f5,D5_s12_T45
main/base/qwen3.5-27b/direct/s13,main,base,10,10,qwen3.5-27b,direct,s13,15,30,138,45,0.3261,6449,82534478,26.54,6449,0,4b813f5,D5_s13_T45
main/base/qwen3.5-27b/direct/s14,main,base,10,10,qwen3.5-27b,direct,s14,15,30,147,50,0.3401,6567,82509382,26.82,6567,0,4b813f5,D5_s14_T45
main/base/qwen3.5-27b/full_load/s12,main,base,10,10,qwen3.5-27b,full_load,s12,15,29,142,79,0.5563,1979,57403582,17.98,1995,0,4b813f5,D5_s12_T45
main/base/qwen3.5-27b/full_load/s13,main,base,10,10,qwen3.5-27b,full_load,s13,15,30,138,74,0.5362,2077,62552911,19.66,2077,0,4b813f5,D5_s13_T45
main/base/qwen3.5-27b/full_load/s14,main,base,10,10,qwen3.5-27b,full_load,s14,15,29,147,71,0.483,1973,59963570,18.79,2001,0,4b813f5,D5_s14_T45
main/base/qwen3.5-27b/ingress/s12,main,base,10,10,qwen3.5-27b,ingress,s12,15,15,142,78,0.5493,7920,94698339,34.64,8664,9,4b813f5,D5_s12_T45
main/base/qwen3.5-27b/ingress/s13,main,base,10,10,qwen3.5-27b,ingress,s13,15,15,138,74,0.5362,7619,91129245,32.67,8834,8,4b813f5,D5_s13_T45
main/base/qwen3.5-27b/ingress/s14,main,base,10,10,qwen3.5-27b,ingress,s14,15,15,147,76,0.517,7611,91399825,34.51,8403,8,4b813f5,D5_s14_T45
main/base/qwen3.5-27b/routing/s12,main,base,10,10,qwen3.5-27b,routing,s12,15,15,142,57,0.4014,5636,64458184,22.65,5922,0,4b813f5,D5_s12_T45
main/base/qwen3.5-27b/routing/s13,main,base,10,10,qwen3.5-27b,routing,s13,15,15,138,54,0.3913,5642,64724027,22.99,5831,0,4b813f5,D5_s13_T45
main/base/qwen3.5-27b/routing/s14,main,base,10,10,qwen3.5-27b,routing,s14,15,15,147,53,0.3605,5267,59641081,22.64,5461,0,4b813f5,D5_s14_T45
main/base/qwen3.5-9b/direct/s12,main,base,10,10,qwen3.5-9b,direct,s12,15,15,142,25,0.1761,5579,91106615,8.7,5593,0,4b813f5,D5_s12_T45
main/base/qwen3.5-9b/direct/s13,main,base,10,10,qwen3.5-9b,direct,s13,15,15,138,27,0.1957,6468,110864334,10.16,6720,2,4b813f5,D5_s13_T45
main/base/qwen3.5-9b/direct/s14,main,base,10,10,qwen3.5-9b,direct,s14,15,15,147,28,0.1905,6438,119960766,10.44,7229,5,4b813f5,D5_s14_T45
main/base/qwen3.5-9b/full_load/s12,main,base,10,10,qwen3.5-9b,full_load,s12,15,20,142,58,0.4085,1509,38267467,3.86,1542,0,4b813f5,D5_s12_T45
main/base/qwen3.5-9b/full_load/s13,main,base,10,10,qwen3.5-9b,full_load,s13,15,21,138,53,0.3841,1714,57092629,5.75,1749,0,4b813f5,D5_s13_T45
main/base/qwen3.5-9b/full_load/s14,main,base,10,10,qwen3.5-9b,full_load,s14,15,21,147,53,0.3605,1777,46831441,4.72,1796,0,4b813f5,D5_s14_T45
main/base/qwen3.5-9b/ingress/s12,main,base,10,10,qwen3.5-9b,ingress,s12,15,15,142,33,0.2324,8197,89983938,8.12,9110,8,4b813f5,D5_s12_T45
main/base/qwen3.5-9b/ingress/s13,main,base,10,10,qwen3.5-9b,ingress,s13,15,15,138,39,0.2826,8048,91678244,8.17,9051,8,4b813f5,D5_s13_T45
main/base/qwen3.5-9b/ingress/s14,main,base,10,10,qwen3.5-9b,ingress,s14,15,15,147,35,0.2381,8589,94269271,8.33,10084,9,4b813f5,D5_s14_T45
main/base/qwen3.5-9b/routing/s12,main,base,10,10,qwen3.5-9b,routing,s12,15,15,142,35,0.2465,7235,80373410,6.85,7933,9,4b813f5,D5_s12_T45
main/base/qwen3.5-9b/routing/s13,main,base,10,10,qwen3.5-9b,routing,s13,15,15,138,30,0.2174,7104,80154479,6.61,8337,7,4b813f5,D5_s13_T45
main/base/qwen3.5-9b/routing/s14,main,base,10,10,qwen3.5-9b,routing,s14,15,15,147,32,0.2177,6354,72381649,6.46,7408,10,4b813f5,D5_s14_T45
gcell/D3/qwen3.5-27b/direct/s12,gcell,D3,6,6,qwen3.5-27b,direct,s12,10,15,57,21,0.3684,1276,14194094,4.81,1276,0,4b813f5,D3_s12_T45
gcell/D3/qwen3.5-27b/direct/s13,gcell,D3,6,6,qwen3.5-27b,direct,s13,10,15,55,16,0.2909,1519,16367989,5.76,1519,0,4b813f5,D3_s13_T45
gcell/D3/qwen3.5-27b/direct/s14,gcell,D3,6,6,qwen3.5-27b,direct,s14,10,15,55,21,0.3818,1396,15662212,5.28,1396,0,4b813f5,D3_s14_T45
gcell/D3/qwen3.5-27b/full_load/s12,gcell,D3,6,6,qwen3.5-27b,full_load,s12,10,15,57,31,0.5439,544,14225594,4.8,544,0,4b813f5,D3_s12_T45
gcell/D3/qwen3.5-27b/full_load/s13,gcell,D3,6,6,qwen3.5-27b,full_load,s13,10,15,55,19,0.3455,599,20007486,6.34,599,0,4b813f5,D3_s13_T45
gcell/D3/qwen3.5-27b/full_load/s14,gcell,D3,6,6,qwen3.5-27b,full_load,s14,10,15,55,31,0.5636,600,17723724,5.63,600,0,4b813f5,D3_s14_T45
gcell/D3/qwen3.5-27b/ingress/s12,gcell,D3,6,6,qwen3.5-27b,ingress,s12,10,15,57,34,0.5965,2643,32163198,13.98,2643,0,4b813f5,D3_s12_T45
gcell/D3/qwen3.5-27b/ingress/s13,gcell,D3,6,6,qwen3.5-27b,ingress,s13,10,13,55,31,0.5636,3439,40566155,16.68,3442,0,4b813f5,D3_s13_T45
gcell/D3/qwen3.5-27b/ingress/s14,gcell,D3,6,6,qwen3.5-27b,ingress,s14,10,15,55,38,0.6909,2759,32750821,13.61,2759,0,4b813f5,D3_s14_T45
gcell/D3/qwen3.5-27b/routing/s12,gcell,D3,6,6,qwen3.5-27b,routing,s12,10,15,57,29,0.5088,2549,29759857,11.99,2549,0,4b813f5,D3_s12_T45
gcell/D3/qwen3.5-27b/routing/s13,gcell,D3,6,6,qwen3.5-27b,routing,s13,10,15,55,21,0.3818,2714,30522302,12.06,2714,0,4b813f5,D3_s13_T45
gcell/D3/qwen3.5-27b/routing/s14,gcell,D3,6,6,qwen3.5-27b,routing,s14,10,15,55,24,0.4364,2179,24686293,9.88,2179,0,4b813f5,D3_s14_T45
gcell/R1/qwen3.5-27b/direct/s12,gcell,R1,5,5,qwen3.5-27b,direct,s12,10,15,47,14,0.2979,1623,19012488,6.28,1623,0,4b813f5,D5_s12_T45
gcell/R1/qwen3.5-27b/direct/s13,gcell,R1,5,5,qwen3.5-27b,direct,s13,10,15,46,11,0.2391,1779,21194149,7.07,1779,0,4b813f5,D5_s13_T45
gcell/R1/qwen3.5-27b/direct/s14,gcell,R1,5,5,qwen3.5-27b,direct,s14,10,15,48,17,0.3542,1334,16324510,5.48,1334,0,4b813f5,D5_s14_T45
gcell/R1/qwen3.5-27b/full_load/s12,gcell,R1,5,5,qwen3.5-27b,full_load,s12,10,15,47,27,0.5745,530,16782197,5.2,530,0,4b813f5,D5_s12_T45
gcell/R1/qwen3.5-27b/full_load/s13,gcell,R1,5,5,qwen3.5-27b,full_load,s13,10,15,46,20,0.4348,497,13142964,4.31,497,0,4b813f5,D5_s13_T45
gcell/R1/qwen3.5-27b/full_load/s14,gcell,R1,5,5,qwen3.5-27b,full_load,s14,10,15,48,25,0.5208,468,11631976,3.83,468,0,4b813f5,D5_s14_T45
gcell/R1/qwen3.5-27b/ingress/s12,gcell,R1,5,5,qwen3.5-27b,ingress,s12,10,12,47,17,0.3617,3316,38475438,15.69,3342,0,4b813f5,D5_s12_T45
gcell/R1/qwen3.5-27b/ingress/s13,gcell,R1,5,5,qwen3.5-27b,ingress,s13,10,15,46,20,0.4348,4054,48209701,19.42,4054,0,4b813f5,D5_s13_T45
gcell/R1/qwen3.5-27b/ingress/s14,gcell,R1,5,5,qwen3.5-27b,ingress,s14,10,15,48,30,0.625,3608,43536605,17.41,3608,0,4b813f5,D5_s14_T45
gcell/R1/qwen3.5-27b/routing/s12,gcell,R1,5,5,qwen3.5-27b,routing,s12,10,15,47,16,0.3404,2716,30941091,11.71,2716,0,4b813f5,D5_s12_T45
gcell/R1/qwen3.5-27b/routing/s13,gcell,R1,5,5,qwen3.5-27b,routing,s13,10,15,46,12,0.2609,2840,31500132,11.86,2840,0,4b813f5,D5_s13_T45
gcell/R1/qwen3.5-27b/routing/s14,gcell,R1,5,5,qwen3.5-27b,routing,s14,10,15,48,17,0.3542,2603,29313488,10.81,2603,0,4b813f5,D5_s14_T45
gcell/R3/qwen3.5-27b/direct/s12,gcell,R3,15,15,qwen3.5-27b,direct,s12,10,15,139,38,0.2734,5352,64140758,20.91,5352,0,4b813f5,D5_s12_T45
gcell/R3/qwen3.5-27b/direct/s13,gcell,R3,15,15,qwen3.5-27b,direct,s13,10,15,144,41,0.2847,4645,54912663,17.86,4645,0,4b813f5,D5_s13_T45
gcell/R3/qwen3.5-27b/direct/s14,gcell,R3,15,15,qwen3.5-27b,direct,s14,10,15,144,44,0.3056,4474,54098328,17.73,4474,0,4b813f5,D5_s14_T45
gcell/R3/qwen3.5-27b/full_load/s12,gcell,R3,15,15,qwen3.5-27b,full_load,s12,10,15,139,63,0.4532,1583,61653294,18.44,1583,0,4b813f5,D5_s12_T45
gcell/R3/qwen3.5-27b/full_load/s13,gcell,R3,15,15,qwen3.5-27b,full_load,s13,10,15,144,81,0.5625,1471,47417747,14.62,1471,0,4b813f5,D5_s13_T45
gcell/R3/qwen3.5-27b/full_load/s14,gcell,R3,15,15,qwen3.5-27b,full_load,s14,10,15,144,68,0.4722,1506,51396218,15.83,1506,0,4b813f5,D5_s14_T45
gcell/R3/qwen3.5-27b/ingress/s12,gcell,R3,15,15,qwen3.5-27b,ingress,s12,10,10,139,67,0.482,8401,97901837,34.37,10221,8,4b813f5,D5_s12_T45
gcell/R3/qwen3.5-27b/ingress/s13,gcell,R3,15,15,qwen3.5-27b,ingress,s13,10,10,144,68,0.4722,8216,99364808,32.13,10605,10,4b813f5,D5_s13_T45
gcell/R3/qwen3.5-27b/ingress/s14,gcell,R3,15,15,qwen3.5-27b,ingress,s14,10,10,144,72,0.5,7560,89493599,29.29,10128,10,4b813f5,D5_s14_T45
gcell/R3/qwen3.5-27b/routing/s12,gcell,R3,15,15,qwen3.5-27b,routing,s12,10,10,139,46,0.3309,6253,68482800,24.77,6507,0,4b813f5,D5_s12_T45
gcell/R3/qwen3.5-27b/routing/s13,gcell,R3,15,15,qwen3.5-27b,routing,s13,10,10,144,57,0.3958,6325,70318484,26.13,6671,0,4b813f5,D5_s13_T45
gcell/R3/qwen3.5-27b/routing/s14,gcell,R3,15,15,qwen3.5-27b,routing,s14,10,10,144,56,0.3889,5966,67072547,25.42,6009,0,4b813f5,D5_s14_T45
appendix/base/qwen3.5-27b/direct_relay/s12,appendix,base,10,10,qwen3.5-27b,direct_relay,s12,10,10,96,36,0.375,3922,44065796,12.62,4300,5,d5851f4,D5_s12_T45
appendix/base/qwen3.5-27b/direct_relay/s13,appendix,base,10,10,qwen3.5-27b,direct_relay,s13,10,10,91,29,0.3187,3768,39955051,11.56,4166,5,d5851f4,D5_s13_T45
appendix/base/qwen3.5-27b/direct_relay/s14,appendix,base,10,10,qwen3.5-27b,direct_relay,s14,10,10,98,31,0.3163,4171,46205119,12.84,4731,5,d5851f4,D5_s14_T45
appendix/base/qwen3.5-27b/retrieve/s12,appendix,base,10,10,qwen3.5-27b,retrieve,s12,10,10,96,50,0.5208,2897,32834632,11.53,3248,5,d5851f4,D5_s12_T45
appendix/base/qwen3.5-27b/retrieve/s13,appendix,base,10,10,qwen3.5-27b,retrieve,s13,10,10,91,39,0.4286,2747,31414764,11.4,2943,5,d5851f4,D5_s13_T45
appendix/base/qwen3.5-27b/retrieve/s14,appendix,base,10,10,qwen3.5-27b,retrieve,s14,10,10,98,45,0.4592,2895,34495639,11.98,3453,6,d5851f4,D5_s14_T45
appendix/base/qwen3.5-27b/sidecar/s12,appendix,base,10,10,qwen3.5-27b,sidecar,s12,10,10,96,56,0.5833,2608,27784242,10.5,3292,10,d5851f4,D5_s12_T45
appendix/base/qwen3.5-27b/sidecar/s13,appendix,base,10,10,qwen3.5-27b,sidecar,s13,10,10,91,52,0.5714,2807,29946581,10.92,3412,10,d5851f4,D5_s13_T45
appendix/base/qwen3.5-27b/sidecar/s14,appendix,base,10,10,qwen3.5-27b,sidecar,s14,10,10,98,51,0.5204,2684,28330280,11.57,3163,8,d5851f4,D5_s14_T45
