stratum,value,n_tasks,direct,routing,ingress,full_load,gap_ingress_direct
상태 등급,A,483,0.679,0.658,0.673,0.747,-0.006
상태 등급,B,238,0.113,0.361,0.588,0.429,0.475
상태 등급,C,272,0.018,0.092,0.309,0.276,0.290
상태 등급,D,169,0.024,0.077,0.331,0.302,0.308
C_ops,False,892,0.404,0.471,0.589,0.587,0.185
C_ops,True,270,0.015,0.081,0.296,0.241,0.281
걸린 그룹 수,2,274,0.318,0.456,0.588,0.653,0.270
걸린 그룹 수,3,390,0.362,0.431,0.626,0.495,0.264
걸린 그룹 수,4,323,0.331,0.359,0.486,0.505,0.155
걸린 그룹 수,5,175,0.166,0.189,0.246,0.309,0.080
