cell,model,days,condition,n_tasks,accuracy,llm_calls_per_task,tokens_per_task,cost_usd_per_task,cost_usd_per_success,budget_exhausted_rate,gap_vs_direct,ci_low,ci_high
base,qwen3.5-27b,1-15,direct,427,0.3302,20.9,250054,0.0824,0.2495,0.0,,,
base,qwen3.5-27b,1-15,routing,427,0.3841,35.9,410320,0.1472,0.3833,0.0,,,
base,qwen3.5-27b,1-15,ingress,427,0.534,50.4,605078,0.2238,0.4192,0.0,0.2037,0.1546,0.2529
base,qwen3.5-27b,1-15,full_load,427,0.5246,6.6,192324,0.0605,0.1154,0.0,,,
base,qwen3.5-9b,1-15,direct,427,0.1874,41.3,729312,0.0662,0.3536,0.1007,,,
base,qwen3.5-9b,1-15,routing,427,0.2272,45.7,517632,0.0442,0.1947,0.0211,,,
base,qwen3.5-9b,1-15,ingress,427,0.2506,55.6,619385,0.0553,0.2208,0.0094,0.0632,0.0234,0.103
base,qwen3.5-9b,1-15,full_load,427,0.3841,7.6,220770,0.0223,0.058,0.0117,,,
base,deepseek-v4-flash,1-15,direct,427,0.3466,42.4,593753,0.055,0.1586,0.0094,,,
base,deepseek-v4-flash,1-15,routing,427,0.4496,67.2,838807,0.0683,0.1519,0.0141,,,
base,deepseek-v4-flash,1-15,ingress,427,0.5269,82.7,1022455,0.0878,0.1666,0.0187,0.1803,0.1335,0.2248
base,deepseek-v4-flash,1-15,full_load,427,0.6253,7.6,312725,0.0285,0.0457,0.0023,,,
R1,qwen3.5-27b,1-10,direct,141,0.2979,22.2,252931,0.0862,0.2895,0.0,,,
R1,qwen3.5-27b,1-10,routing,141,0.3191,37.7,405825,0.1571,0.4922,0.0,,,
R1,qwen3.5-27b,1-10,ingress,141,0.4752,51.6,600333,0.2456,0.5169,0.0071,0.1773,0.0993,0.2624
R1,qwen3.5-27b,1-10,full_load,141,0.5106,7.0,210916,0.067,0.1312,0.0,,,
D3,qwen3.5-27b,1-10,direct,167,0.3473,13.8,137922,0.0485,0.1397,0.0,,,
D3,qwen3.5-27b,1-10,routing,167,0.4431,27.1,292206,0.118,0.2664,0.0,,,
D3,qwen3.5-27b,1-10,ingress,167,0.6168,33.2,381039,0.1603,0.2599,0.0,0.2695,0.1856,0.3473
D3,qwen3.5-27b,1-10,full_load,167,0.485,6.3,184646,0.0593,0.1223,0.0,,,
R3,qwen3.5-27b,1-10,direct,427,0.2881,20.8,231781,0.0774,0.2686,0.0,,,
R3,qwen3.5-27b,1-10,routing,427,0.3724,39.6,435056,0.1598,0.4292,0.0,,,
R3,qwen3.5-27b,1-10,ingress,427,0.4848,53.4,631472,0.2096,0.4324,0.0,0.1967,0.1475,0.2459
R3,qwen3.5-27b,1-10,full_load,427,0.4965,6.7,223524,0.0687,0.1385,0.0094,,,
base,qwen3.5-27b,1-10,direct,285,0.3368,20.8,228700,0.0772,0.2292,0.0,,,
base,qwen3.5-27b,1-10,routing,285,0.4035,35.4,379959,0.1457,0.361,0.0,,,
base,qwen3.5-27b,1-10,ingress,285,0.5614,49.4,575576,0.2273,0.4048,0.0,0.2246,0.1579,0.2877
base,qwen3.5-27b,1-10,full_load,285,0.5368,6.8,199651,0.0626,0.1166,0.0,,,
