model,days,n_tasks,direct,routing,ingress,full_load
qwen3.5-27b,1-5,143,0.3636,0.4196,0.6014,0.5594
qwen3.5-27b,6-10,142,0.3099,0.3873,0.5211,0.5141
qwen3.5-27b,11-15,142,0.3169,0.3451,0.4789,0.5
qwen3.5-9b,1-5,143,0.2378,0.2308,0.2657,0.4196
qwen3.5-9b,6-10,142,0.1479,0.2324,0.2394,0.3873
qwen3.5-9b,11-15,142,0.1761,0.2183,0.2465,0.3451
deepseek-v4-flash,1-5,143,0.3916,0.4755,0.5944,0.6014
deepseek-v4-flash,6-10,142,0.338,0.4296,0.493,0.669
deepseek-v4-flash,11-15,142,0.3099,0.4437,0.493,0.6056
