experiment,cell,model,condition,n_runs,cost_usd_est,llm_calls,n_scored_tasks
appendix,base,qwen3.5-27b,direct_relay,3,37.02,13197,285
appendix,base,qwen3.5-27b,retrieve,3,34.91,9644,285
appendix,base,qwen3.5-27b,sidecar,3,32.99,9867,285
gcell,D3,qwen3.5-27b,direct,3,15.85,4191,167
gcell,D3,qwen3.5-27b,full_load,3,16.77,1743,167
gcell,D3,qwen3.5-27b,ingress,3,44.27,8844,167
gcell,D3,qwen3.5-27b,routing,3,33.93,7442,167
gcell,R1,qwen3.5-27b,direct,3,18.83,4736,141
gcell,R1,qwen3.5-27b,full_load,3,13.34,1495,141
gcell,R1,qwen3.5-27b,ingress,3,52.52,11004,141
gcell,R1,qwen3.5-27b,routing,3,34.38,8159,141
gcell,R3,qwen3.5-27b,direct,3,56.5,14471,427
gcell,R3,qwen3.5-27b,full_load,3,48.89,4560,427
gcell,R3,qwen3.5-27b,ingress,3,95.79,30954,427
gcell,R3,qwen3.5-27b,routing,3,76.32,19187,427
main,base,deepseek-v4-flash,direct,3,29.62,22909,427
main,base,deepseek-v4-flash,full_load,3,20.67,5159,427
main,base,deepseek-v4-flash,ingress,3,40.08,45651,427
main,base,deepseek-v4-flash,routing,3,31.23,38859,427
main,base,qwen3.5-27b,direct,3,81.71,19950,427
main,base,qwen3.5-27b,full_load,3,56.43,6073,427
main,base,qwen3.5-27b,ingress,3,101.82,25901,427
main,base,qwen3.5-27b,routing,3,68.28,17214,427
main,base,qwen3.5-9b,direct,3,29.3,19542,427
main,base,qwen3.5-9b,full_load,3,14.33,5087,427
main,base,qwen3.5-9b,ingress,3,24.62,28245,427
main,base,qwen3.5-9b,routing,3,19.92,23678,427
