run_group,stage,n_decisions,mean_members_selected,referral_rate,mean_additions,mean_conflicts,mean_proposals,mean_proposals_dropped,requery_rate
appendix/base/qwen3.5-27b/retrieve,ingress,736,2.306,0.038,0.0,0.0,0.0,0.0,0.0
appendix/base/qwen3.5-27b/sidecar,sidecar,1252,1.0,0.0,1.374,0.442,0.456,0.022,0.0
gcell/D3/qwen3.5-27b/ingress,ingress,592,2.262,0.059,1.542,0.655,0.622,0.052,0.248
gcell/D3/qwen3.5-27b/routing,ingress,676,2.283,0.059,0.0,0.0,0.0,0.0,0.0
gcell/R1/qwen3.5-27b/ingress,ingress,720,2.232,0.022,1.544,0.492,0.55,0.032,0.389
gcell/R1/qwen3.5-27b/routing,ingress,812,2.2,0.033,0.0,0.0,0.0,0.0,0.0
gcell/R3/qwen3.5-27b/ingress,ingress,1444,2.299,0.031,1.486,0.574,0.607,0.057,0.393
gcell/R3/qwen3.5-27b/routing,ingress,1645,2.316,0.036,0.0,0.0,0.0,0.0,0.0
main/base/deepseek-v4-flash/ingress,ingress,1813,2.591,0.022,3.293,0.716,0.49,0.101,0.627
main/base/deepseek-v4-flash/routing,ingress,2504,2.474,0.025,0.0,0.0,0.0,0.0,0.0
main/base/qwen3.5-27b/ingress,ingress,1463,2.275,0.027,1.569,0.614,0.634,0.062,0.368
main/base/qwen3.5-27b/routing,ingress,1524,2.252,0.041,0.0,0.0,0.0,0.0,0.0
main/base/qwen3.5-9b/ingress,ingress,1377,2.188,0.017,4.466,0.29,0.583,0.055,0.5
main/base/qwen3.5-9b/routing,ingress,1767,2.303,0.026,0.0,0.0,0.0,0.0,0.0
