field,value,n_tasks,direct,routing,ingress,full_load,gap_ingress_direct
state_class,A,483,0.6791,0.6584,0.6729,0.7474,-0.0062
state_class,B,238,0.1134,0.3613,0.5882,0.4286,0.4748
state_class,C,272,0.0184,0.0919,0.3088,0.2757,0.2904
state_class,D,169,0.0237,0.0769,0.3314,0.3018,0.3077
c_ops,0,892,0.4036,0.4709,0.5886,0.5874,0.185
c_ops,1,270,0.0148,0.0815,0.2963,0.2407,0.2815
n_groups,2,274,0.3175,0.4562,0.5876,0.6533,0.2701
n_groups,3,390,0.3615,0.4308,0.6256,0.4949,0.2641
n_groups,4,323,0.3313,0.3591,0.4861,0.5046,0.1548
n_groups,5,138,0.2029,0.2319,0.2899,0.3623,0.087
n_groups,6,27,0.0,0.0,0.0741,0.1111,0.0741
n_groups,7,10,0.1,0.1,0.1,0.1,0.0
template,diag,98,0.4388,0.4388,0.4898,0.6122,0.051
template,plan,126,0.5714,0.5476,0.5397,0.5714,-0.0317
template,alloc,74,0.027,0.0135,0.0676,0.0135,0.0406
template,budget,89,0.1236,0.2022,0.4382,0.3933,0.3146
template,lookup,147,0.5646,0.8027,0.9388,0.5986,0.3742
template,vendor,37,0.027,0.027,0.1892,0.1351,0.1622
template,whatif,56,0.3214,0.3393,0.4107,0.4643,0.0893
template,renewal,14,0.7143,0.7143,0.7857,0.8571,0.0714
template,capacity,98,0.0714,0.102,0.4796,0.5102,0.4082
template,conflict,82,0.4878,0.6951,0.7683,0.9756,0.2805
template,purchase,105,0.1238,0.1333,0.3333,0.1524,0.2095
template,sourcing,40,0.025,0.05,0.075,0.35,0.05
template,temporal,56,0.3929,0.4107,0.4286,0.5,0.0357
template,precedence,58,0.6379,0.5862,0.5862,0.7931,-0.0517
template,contract_gate,82,0.0488,0.2805,0.7317,0.6829,0.6829
reasoning_tier,R0,147,0.5646,0.8027,0.9388,0.5986,0.3742
reasoning_tier,R1,488,0.3566,0.4037,0.5594,0.6414,0.2028
reasoning_tier,R2,314,0.3057,0.3758,0.5096,0.5064,0.2039
reasoning_tier,R3,213,0.0516,0.0423,0.1596,0.1362,0.108
max_holders,0,469,0.6652,0.6418,0.6674,0.7399,0.0022
max_holders,1,359,0.1309,0.3203,0.5404,0.4373,0.4095
max_holders,2,249,0.0201,0.0964,0.3333,0.2851,0.3132
max_holders,3,77,0.0,0.026,0.1818,0.1688,0.1818
max_holders,4,6,0.0,0.0,0.1667,0.0,0.1667
max_holders,5,2,0.0,0.0,0.0,0.5,0.0
